team1-[team1-players],team2,[team2-pkayers],goal-difference,team1-result
30,[350, 354, 355, 351, 353, 357],15,[173, 169, 177, 180, 174, 170],0,D
2,[21, 19, 17, 24, 15, 22],23,[269, 270, 265, 268, 274, 267],0,D
5,[60, 54, 50, 51, 58, 52],12,[136, 142, 144, 133, 139, 137],0,D
5,[60, 50, 49, 56, 59, 51],32,[379, 381, 380, 382, 377, 383],0,D
12,[134, 133, 144, 141, 135, 136],16,[191, 185, 190, 182, 192, 188],0,D
2,[15, 24, 20, 19, 16, 22],25,[299, 293, 295, 297, 289, 300],0,D
30,[360, 358, 356, 359, 353, 355],7,[78, 77, 73, 83, 82, 74],0,D
7,[83, 75, 82, 81, 74, 79],8,[92, 87, 88, 89, 93, 91],0,D
21,[241, 247, 244, 251, 246, 243],11,[127, 130, 121, 122, 123, 125],0,D
2,[18, 13, 19, 23, 14, 17],8,[89, 90, 87, 88, 85, 94],0,D
29,[342, 347, 337, 348, 344, 340],27,[314, 318, 313, 320, 321, 315],0,D
19,[227, 226, 218, 225, 222, 220],24,[287, 281, 288, 278, 284, 279],0,D
3,[36, 33, 27, 28, 29, 30],24,[284, 277, 279, 281, 280, 282],0,D
19,[228, 222, 223, 217, 221, 224],32,[376, 381, 374, 378, 380, 379],0,D
20,[239, 238, 232, 237, 234, 240],9,[102, 97, 108, 103, 100, 99],0,D
30,[352, 350, 351, 353, 360, 349],29,[341, 347, 344, 338, 339, 340],0,D
24,[283, 278, 282, 281, 285, 279],7,[76, 78, 83, 74, 81, 75],0,D
22,[254, 260, 261, 256, 255, 259],1,[9, 11, 12, 6, 10, 3],0,D
32,[374, 380, 376, 382, 377, 375],25,[295, 298, 299, 292, 297, 296],0,D
7,[83, 81, 77, 80, 73, 82],24,[284, 283, 288, 280, 278, 285],0,D
9,[104, 101, 98, 100, 99, 106],4,[38, 46, 47, 45, 44, 48],0,D
8,[88, 95, 85, 92, 91, 89],17,[200, 203, 194, 198, 197, 199],0,D
20,[231, 238, 234, 239, 240, 233],13,[150, 155, 153, 149, 151, 152],0,D
23,[274, 265, 273, 271, 266, 276],15,[178, 180, 176, 170, 171, 177],0,D
7,[83, 76, 84, 80, 74, 78],25,[298, 299, 293, 294, 296, 290],0,D
20,[231, 230, 232, 240, 233, 238],8,[93, 85, 92, 88, 89, 87],0,D
11,[132, 122, 123, 128, 130, 125],24,[285, 286, 283, 277, 279, 282],0,D
8,[86, 88, 87, 90, 89, 95],2,[18, 23, 22, 21, 20, 14],0,D
5,[49, 53, 58, 57, 55, 59],24,[278, 280, 277, 279, 282, 288],0,D
2,[13, 16, 15, 22, 19, 18],10,[118, 119, 115, 109, 112, 114],0,D
30,[360, 353, 351, 357, 356, 352],32,[380, 378, 381, 384, 375, 374],0,D
12,[133, 138, 137, 134, 140, 141],28,[336, 329, 328, 330, 326, 333],0,D
27,[320, 322, 323, 324, 319, 316],10,[120, 112, 109, 117, 118, 114],0,D
5,[49, 58, 51, 50, 53, 55],7,[84, 80, 74, 75, 83, 78],0,D
4,[41, 38, 39, 44, 40, 42],21,[252, 247, 251, 249, 244, 248],0,D
19,[218, 217, 227, 219, 224, 221],23,[269, 268, 273, 265, 272, 276],0,D
5,[52, 59, 54, 56, 49, 55],12,[135, 138, 141, 143, 140, 136],0,D
27,[320, 323, 316, 318, 317, 322],12,[144, 138, 140, 134, 141, 143],0,D
5,[53, 59, 55, 49, 57, 52],13,[146, 152, 149, 151, 154, 156],0,D
24,[285, 278, 277, 287, 283, 286],7,[81, 79, 84, 77, 80, 78],0,D
16,[181, 184, 183, 190, 191, 186],11,[128, 131, 122, 132, 126, 123],0,D
19,[227, 226, 225, 223, 224, 217],7,[82, 81, 78, 74, 77, 80],0,D
29,[345, 342, 348, 340, 344, 346],17,[195, 203, 194, 200, 202, 204],0,D
4,[46, 41, 44, 42, 48, 38],1,[9, 6, 10, 8, 1, 11],0,D
3,[32, 31, 30, 28, 34, 33],12,[137, 135, 144, 133, 143, 139],0,D
20,[230, 237, 239, 231, 238, 235],22,[260, 264, 256, 261, 259, 253],0,D
1,[6, 9, 8, 4, 3, 12],20,[240, 239, 235, 233, 229, 231],0,D
6,[66, 72, 61, 69, 67, 71],25,[296, 298, 289, 294, 291, 300],0,D
10,[120, 114, 115, 110, 113, 117],3,[27, 35, 28, 29, 33, 34],0,D
4,[45, 39, 48, 46, 43, 41],21,[243, 244, 242, 247, 248, 245],0,D
5,[56, 50, 51, 55, 52, 59],7,[81, 73, 82, 79, 84, 75],0,D
25,[300, 293, 290, 296, 295, 297],16,[187, 188, 184, 182, 185, 189],0,D
4,[47, 40, 38, 41, 45, 44],17,[198, 203, 194, 193, 202, 195],0,D
28,[325, 335, 328, 334, 336, 326],9,[102, 105, 108, 104, 99, 101],0,D
17,[200, 202, 201, 194, 203, 197],31,[370, 371, 366, 369, 363, 364],0,D
31,[364, 361, 369, 362, 368, 372],27,[318, 319, 317, 321, 322, 315],0,D
12,[140, 133, 134, 135, 139, 136],5,[50, 56, 54, 60, 59, 57],0,D
14,[168, 165, 163, 164, 157, 166],15,[170, 172, 176, 175, 180, 178],0,D
17,[195, 201, 204, 193, 200, 198],32,[375, 379, 374, 376, 383, 373],0,D
22,[262, 253, 263, 258, 256, 254],17,[193, 195, 203, 197, 202, 204],0,D
27,[313, 318, 321, 319, 314, 315],11,[122, 121, 125, 128, 131, 126],0,D
4,[40, 43, 37, 45, 46, 44],3,[29, 31, 36, 35, 27, 28],0,D
23,[272, 274, 266, 270, 267, 276],31,[372, 369, 366, 361, 370, 371],-1,L
9,[99, 105, 101, 102, 104, 108],29,[342, 347, 338, 341, 345, 348],0,D
13,[151, 153, 152, 148, 154, 149],22,[255, 253, 263, 261, 256, 264],0,D
32,[375, 380, 379, 374, 377, 373],3,[30, 25, 29, 33, 36, 26],0,D
23,[271, 276, 265, 270, 267, 273],10,[109, 114, 115, 111, 113, 117],0,D
30,[360, 350, 357, 356, 359, 349],26,[312, 303, 301, 310, 304, 307],0,D
21,[246, 242, 251, 244, 248, 250],18,[216, 215, 205, 207, 208, 211],0,D
26,[305, 309, 306, 303, 301, 312],14,[166, 158, 164, 163, 160, 157],0,D
3,[34, 29, 28, 32, 35, 27],27,[317, 313, 320, 316, 318, 323],0,D
24,[285, 279, 286, 280, 281, 287],7,[76, 83, 77, 82, 73, 78],0,D
21,[248, 251, 249, 246, 252, 247],15,[170, 175, 180, 171, 174, 169],0,D
3,[26, 25, 36, 34, 29, 30],23,[274, 267, 270, 276, 273, 272],0,D
13,[145, 148, 156, 150, 154, 147],28,[325, 328, 331, 333, 336, 330],0,D
25,[293, 289, 294, 292, 300, 299],26,[310, 304, 306, 307, 309, 308],0,D
21,[241, 252, 245, 243, 248, 244],25,[296, 298, 295, 294, 300, 289],0,D
31,[367, 364, 368, 370, 372, 365],16,[182, 192, 188, 191, 184, 181],0,D
25,[297, 289, 294, 295, 292, 296],7,[83, 76, 84, 82, 79, 81],0,D
13,[154, 155, 147, 152, 149, 156],2,[17, 15, 18, 13, 20, 22],0,D
14,[166, 159, 157, 168, 165, 163],28,[332, 326, 333, 328, 327, 330],0,D
14,[157, 161, 164, 165, 158, 163],12,[135, 143, 140, 137, 142, 136],0,D
29,[338, 343, 337, 348, 347, 345],21,[245, 246, 251, 248, 242, 249],0,D
1,[7, 9, 11, 5, 12, 8],32,[381, 382, 380, 376, 377, 373],0,D
29,[345, 348, 337, 347, 340, 341],15,[173, 180, 179, 169, 171, 170],0,D
31,[369, 367, 371, 368, 361, 362],3,[32, 36, 27, 29, 26, 34],0,D
32,[373, 381, 375, 379, 383, 377],29,[339, 340, 341, 347, 338, 348],0,D
19,[227, 219, 228, 220, 222, 224],6,[61, 67, 63, 64, 68, 70],0,D
30,[357, 360, 352, 358, 356, 351],18,[214, 211, 209, 216, 208, 207],0,D
14,[166, 165, 161, 159, 162, 157],2,[19, 15, 14, 24, 22, 20],0,D
10,[109, 119, 118, 110, 111, 115],16,[187, 183, 192, 189, 191, 184],0,D
17,[200, 203, 193, 204, 201, 197],20,[237, 236, 232, 239, 234, 238],0,D
3,[35, 34, 36, 32, 27, 30],18,[206, 207, 209, 212, 210, 213],0,D
7,[82, 78, 81, 83, 84, 77],31,[367, 372, 365, 371, 370, 363],0,D
15,[176, 180, 177, 173, 175, 172],23,[265, 270, 275, 269, 276, 272],0,D
2,[18, 24, 14, 16, 15, 19],20,[240, 234, 233, 236, 239, 229],0,D
8,[92, 95, 85, 93, 96, 88],29,[345, 337, 338, 339, 344, 342],0,D
24,[277, 281, 286, 283, 285, 288],25,[297, 294, 289, 296, 298, 295],0,D
22,[260, 258, 263, 257, 261, 254],5,[58, 49, 56, 54, 51, 55],0,D
19,[217, 219, 223, 220, 224, 226],32,[379, 374, 377, 373, 383, 384],0,D
25,[294, 290, 293, 300, 291, 295],15,[172, 180, 177, 170, 173, 174],0,D
3,[26, 32, 27, 30, 31, 36],15,[178, 174, 170, 180, 179, 172],0,D
7,[79, 82, 77, 80, 75, 76],22,[253, 256, 255, 259, 261, 258],0,D
24,[287, 278, 288, 279, 285, 280],7,[80, 76, 84, 73, 74, 83],0,D
28,[331, 325, 333, 326, 335, 328],22,[259, 256, 255, 263, 261, 262],0,D
29,[342, 346, 338, 339, 345, 347],28,[326, 325, 327, 331, 336, 332],0,D
23,[269, 273, 270, 274, 275, 276],31,[371, 361, 365, 362, 363, 367],0,D
31,[363, 365, 369, 366, 364, 362],1,[7, 11, 12, 5, 10, 2],0,D
23,[274, 276, 275, 267, 266, 273],6,[68, 70, 65, 62, 61, 69],0,D
8,[91, 93, 94, 86, 88, 87],22,[258, 255, 264, 263, 254, 259],0,D
13,[147, 156, 154, 148, 151, 146],16,[187, 181, 189, 192, 182, 191],0,D
5,[54, 58, 52, 59, 57, 49],28,[326, 329, 327, 332, 335, 331],0,D
11,[125, 126, 129, 130, 127, 128],32,[378, 374, 377, 375, 380, 383],0,D
16,[187, 183, 190, 184, 189, 192],22,[253, 258, 254, 264, 261, 257],0,D
29,[342, 343, 340, 348, 339, 346],8,[96, 86, 95, 88, 91, 90],0,D
27,[322, 321, 317, 316, 314, 315],17,[204, 197, 194, 196, 200, 195],0,D
25,[297, 291, 295, 299, 296, 289],3,[31, 26, 36, 29, 30, 27],0,D
9,[105, 100, 104, 106, 102, 108],6,[68, 72, 65, 71, 69, 63],0,D
32,[381, 373, 380, 379, 382, 374],7,[78, 81, 74, 73, 79, 84],0,D
26,[305, 301, 310, 303, 308, 307],32,[376, 384, 378, 383, 374, 375],0,D
32,[378, 379, 374, 375, 376, 383],28,[333, 330, 328, 336, 327, 335],0,D
24,[283, 280, 281, 282, 277, 284],14,[162, 167, 166, 160, 157, 161],0,D
31,[366, 361, 365, 372, 362, 368],21,[245, 247, 252, 250, 242, 246],0,D
20,[233, 238, 240, 230, 234, 237],9,[100, 98, 106, 103, 99, 105],1,W
28,[336, 335, 326, 325, 329, 331],21,[250, 241, 242, 247, 248, 246],0,D
9,[105, 100, 108, 107, 103, 97],12,[136, 137, 139, 140, 138, 135],0,D
19,[220, 223, 217, 222, 227, 224],32,[382, 377, 373, 376, 380, 378],0,D
24,[281, 283, 286, 279, 278, 280],21,[241, 248, 242, 244, 252, 250],0,D
10,[116, 114, 115, 111, 113, 117],2,[16, 20, 19, 23, 22, 18],0,D
28,[336, 329, 328, 325, 333, 334],12,[141, 136, 137, 140, 142, 143],0,D
10,[117, 118, 115, 111, 113, 120],31,[369, 368, 364, 362, 371, 365],0,D
21,[250, 243, 249, 252, 246, 251],27,[319, 322, 318, 324, 323, 314],0,D
8,[95, 85, 92, 93, 91, 90],10,[111, 116, 110, 113, 115, 114],0,D
28,[326, 335, 328, 329, 333, 334],24,[284, 287, 278, 279, 285, 288],0,D
22,[256, 254, 263, 253, 255, 257],2,[24, 18, 13, 23, 20, 14],0,D
11,[130, 122, 127, 125, 126, 129],21,[242, 252, 244, 249, 241, 250],0,D
22,[260, 253, 254, 261, 257, 259],12,[135, 136, 141, 137, 143, 144],0,D
15,[175, 177, 178, 172, 171, 179],9,[107, 106, 104, 102, 97, 101],0,D
22,[255, 257, 259, 253, 261, 254],10,[118, 113, 115, 119, 120, 112],0,D
28,[336, 334, 325, 330, 335, 332],25,[291, 298, 290, 292, 295, 293],0,D
32,[376, 375, 384, 379, 380, 383],20,[238, 234, 235, 239, 233, 240],0,D
20,[236, 240, 239, 235, 233, 230],4,[47, 41, 39, 38, 40, 43],0,D
27,[320, 324, 321, 315, 323, 319],23,[276, 271, 265, 274, 269, 273],0,D
8,[93, 92, 91, 85, 88, 90],3,[32, 29, 28, 34, 36, 35],0,D
17,[197, 195, 196, 201, 198, 203],27,[321, 322, 318, 317, 324, 319],0,D
24,[287, 283, 281, 277, 286, 282],25,[296, 295, 294, 293, 289, 292],0,D
18,[205, 211, 212, 214, 208, 206],20,[238, 237, 236, 233, 230, 232],0,D
24,[281, 278, 285, 287, 277, 283],6,[61, 65, 69, 62, 71, 64],0,D
28,[335, 332, 329, 326, 334, 327],3,[32, 25, 27, 30, 29, 33],0,D
19,[226, 228, 227, 224, 219, 217],13,[154, 156, 145, 155, 152, 148],0,D
30,[352, 359, 354, 351, 360, 358],21,[252, 251, 241, 246, 247, 242],0,D
16,[187, 192, 184, 186, 189, 182],20,[233, 239, 232, 240, 236, 237],0,D
3,[32, 29, 27, 26, 25, 28],29,[342, 348, 337, 345, 341, 343],0,D
20,[239, 236, 238, 231, 233, 235],15,[177, 178, 176, 169, 174, 173],0,D
10,[119, 111, 116, 120, 112, 114],30,[358, 352, 357, 355, 359, 351],0,D
8,[86, 95, 91, 96, 88, 94],15,[172, 169, 173, 178, 175, 170],0,D
20,[235, 230, 234, 237, 236, 240],24,[287, 278, 288, 283, 285, 281],0,D
9,[104, 105, 107, 103, 98, 97],6,[68, 64, 62, 72, 70, 65],0,D
16,[192, 191, 182, 190, 185, 183],22,[253, 261, 255, 256, 264, 260],0,D
7,[84, 76, 83, 82, 74, 75],27,[314, 319, 320, 313, 318, 324],0,D
17,[198, 193, 196, 203, 204, 195],7,[82, 84, 76, 75, 77, 74],0,D
8,[95, 90, 85, 89, 96, 91],16,[182, 184, 189, 186, 181, 191],0,D
13,[152, 148, 150, 153, 147, 149],32,[374, 375, 377, 382, 379, 381],-4,L
18,[206, 214, 211, 208, 213, 209],12,[134, 143, 135, 144, 137, 141],0,D
8,[86, 94, 92, 88, 95, 90],22,[258, 262, 261, 264, 254, 263],0,D
17,[197, 204, 199, 198, 201, 194],28,[329, 332, 331, 333, 328, 327],0,D
31,[365, 370, 366, 363, 361, 367],9,[104, 106, 107, 98, 103, 100],0,D
1,[2, 4, 10, 7, 8, 6],21,[249, 244, 241, 248, 250, 252],0,D
8,[94, 91, 90, 93, 95, 92],15,[171, 174, 176, 179, 172, 173],0,D
25,[298, 292, 289, 291, 294, 297],2,[14, 21, 20, 19, 22, 16],0,D
24,[282, 277, 279, 283, 287, 285],3,[25, 26, 34, 31, 30, 29],0,D
18,[212, 215, 213, 209, 205, 210],29,[340, 339, 342, 345, 343, 338],0,D
25,[300, 297, 293, 291, 294, 296],10,[114, 112, 117, 110, 111, 116],0,D
31,[362, 365, 370, 361, 369, 368],27,[323, 324, 319, 316, 322, 321],0,D
5,[58, 57, 51, 60, 56, 50],19,[217, 219, 228, 223, 221, 218],0,D
22,[258, 264, 263, 253, 259, 254],24,[277, 287, 280, 279, 282, 278],0,D
11,[127, 124, 125, 129, 123, 131],14,[165, 166, 168, 162, 160, 158],0,D
1,[2, 3, 4, 9, 12, 8],13,[151, 152, 145, 148, 149, 154],0,D
5,[53, 57, 58, 59, 49, 56],11,[128, 125, 129, 130, 126, 122],0,D
31,[361, 369, 363, 371, 370, 362],15,[173, 172, 175, 179, 176, 178],0,D
20,[235, 240, 229, 237, 234, 232],32,[378, 375, 377, 376, 384, 374],0,D
5,[60, 58, 54, 56, 53, 55],25,[295, 299, 298, 291, 289, 293],0,D
32,[379, 378, 374, 383, 380, 384],22,[255, 260, 253, 258, 262, 263],0,D
4,[39, 44, 45, 46, 40, 47],7,[75, 82, 81, 77, 80, 73],0,D
11,[126, 123, 124, 128, 130, 125],1,[5, 3, 9, 8, 1, 7],0,D
20,[238, 231, 234, 230, 229, 233],4,[41, 44, 37, 48, 38, 46],0,D
7,[75, 73, 80, 83, 82, 74],10,[118, 116, 111, 112, 115, 114],0,D
6,[67, 63, 65, 62, 64, 72],15,[172, 174, 177, 179, 180, 170],0,D
27,[322, 321, 320, 319, 324, 314],24,[284, 281, 278, 283, 286, 288],0,D
28,[330, 328, 334, 325, 326, 331],21,[251, 243, 250, 248, 249, 245],0,D
3,[26, 34, 36, 30, 32, 33],5,[53, 58, 59, 54, 50, 51],0,D
22,[254, 262, 260, 259, 257, 258],1,[2, 12, 8, 5, 7, 10],0,D
18,[216, 208, 210, 212, 215, 207],31,[361, 368, 366, 371, 367, 362],0,D
23,[269, 270, 276, 274, 273, 275],12,[138, 140, 134, 136, 141, 142],0,D
26,[306, 305, 308, 310, 304, 309],21,[245, 250, 246, 251, 241, 248],0,D
9,[98, 107, 99, 102, 97, 105],15,[176, 175, 178, 180, 174, 171],0,D
27,[321, 323, 316, 319, 322, 314],30,[359, 352, 350, 355, 357, 351],0,D
31,[365, 370, 372, 363, 364, 362],30,[354, 355, 350, 359, 349, 356],0,D
9,[107, 98, 106, 105, 102, 99],18,[207, 214, 216, 208, 212, 210],0,D
5,[60, 49, 51, 59, 55, 58],19,[225, 217, 219, 220, 226, 221],0,D
29,[337, 346, 340, 338, 343, 341],6,[69, 67, 66, 71, 68, 70],0,D
10,[111, 114, 112, 119, 117, 116],11,[130, 126, 128, 121, 124, 122],0,D
28,[325, 329, 333, 326, 331, 327],9,[101, 103, 106, 100, 105, 107],0,D
26,[306, 303, 302, 305, 301, 311],28,[331, 327, 325, 336, 329, 335],0,D
11,[127, 121, 128, 122, 124, 129],1,[2, 4, 9, 8, 12, 6],0,D
22,[258, 253, 262, 254, 263, 257],10,[115, 112, 109, 119, 111, 117],0,D
2,[15, 19, 16, 13, 17, 20],5,[51, 58, 54, 50, 49, 60],0,D
3,[35, 27, 33, 36, 31, 34],7,[74, 76, 84, 79, 78, 81],0,D
32,[379, 384, 374, 373, 378, 377],26,[309, 301, 312, 307, 306, 305],0,D
22,[263, 261, 258, 253, 262, 260],6,[71, 65, 63, 64, 66, 70],0,D
19,[219, 225, 228, 218, 223, 221],26,[302, 308, 305, 301, 307, 304],-2,L
17,[199, 202, 201, 198, 197, 196],2,[17, 23, 14, 24, 20, 22],0,D
16,[184, 191, 189, 190, 188, 186],1,[10, 9, 5, 3, 12, 1],0,D
20,[235, 240, 239, 230, 234, 229],16,[190, 188, 187, 192, 182, 189],0,D
4,[48, 42, 45, 41, 39, 40],21,[248, 251, 252, 250, 245, 244],0,D
5,[56, 53, 57, 60, 52, 58],9,[100, 99, 97, 104, 101, 108],0,D
2,[24, 14, 22, 21, 23, 13],9,[97, 103, 100, 99, 107, 102],0,D
1,[10, 8, 9, 4, 12, 5],22,[253, 263, 256, 264, 260, 258],0,D
15,[173, 177, 179, 176, 174, 170],9,[98, 107, 99, 97, 100, 108],0,D
6,[69, 62, 66, 67, 61, 70],16,[189, 182, 190, 191, 185, 186],0,D
4,[46, 39, 47, 40, 38, 45],1,[12, 1, 5, 9, 7, 6],0,D
13,[154, 146, 148, 153, 145, 155],25,[292, 298, 293, 296, 294, 295],0,D
13,[145, 153, 150, 151, 156, 154],14,[157, 158, 163, 166, 160, 165],0,D
32,[381, 376, 383, 378, 377, 374],28,[334, 331, 335, 328, 329, 327],0,D
20,[239, 240, 237, 231, 236, 229],6,[63, 69, 65, 64, 67, 62],0,D
21,[245, 247, 244, 241, 252, 243],8,[87, 94, 90, 88, 92, 86],0,D
1,[12, 11, 7, 2, 4, 3],19,[222, 224, 223, 219, 225, 227],0,D
17,[193, 197, 201, 202, 200, 194],25,[299, 293, 296, 295, 297, 289],0,D
24,[282, 277, 287, 285, 281, 283],5,[49, 54, 58, 53, 55, 60],0,D
12,[139, 137, 136, 134, 138, 143],31,[363, 367, 365, 372, 371, 370],0,D
5,[58, 49, 50, 60, 52, 55],7,[77, 75, 73, 81, 82, 79],0,D
4,[48, 44, 45, 40, 41, 37],12,[137, 136, 144, 135, 139, 138],0,D
16,[182, 188, 183, 187, 191, 185],9,[106, 103, 100, 102, 98, 105],0,D
19,[226, 217, 219, 228, 220, 221],17,[194, 199, 204, 202, 198, 201],0,D
27,[321, 319, 323, 314, 313, 324],20,[235, 231, 236, 233, 234, 232],0,D
17,[194, 198, 195, 201, 203, 196],28,[330, 332, 326, 325, 334, 328],0,D
7,[74, 79, 82, 78, 75, 83],25,[290, 299, 298, 289, 293, 300],0,D
7,[83, 76, 81, 74, 78, 80],24,[288, 283, 284, 280, 287, 277],0,D
30,[350, 355, 354, 358, 349, 359],11,[130, 128, 129, 126, 124, 127],0,D
8,[85, 86, 93, 88, 89, 95],15,[177, 179, 173, 172, 170, 176],0,D
11,[132, 125, 122, 127, 121, 128],22,[261, 257, 259, 263, 256, 262],0,D
29,[347, 341, 346, 344, 342, 340],5,[49, 57, 59, 56, 51, 58],0,D
19,[225, 223, 217, 227, 219, 218],14,[163, 159, 158, 161, 162, 164],4,W
12,[141, 138, 137, 135, 142, 144],5,[50, 55, 54, 58, 51, 53],0,D
16,[183, 191, 190, 185, 186, 189],27,[322, 316, 315, 323, 318, 321],0,D
19,[224, 219, 227, 223, 217, 225],13,[149, 150, 156, 148, 145, 152],0,D
23,[272, 270, 276, 275, 266, 271],31,[367, 369, 363, 372, 362, 365],0,D
7,[77, 84, 75, 81, 74, 83],31,[369, 367, 370, 363, 371, 364],0,D
26,[304, 303, 311, 301, 305, 302],5,[54, 59, 51, 56, 57, 58],0,D
12,[139, 140, 136, 142, 133, 141],16,[188, 186, 185, 190, 181, 191],0,D
8,[90, 93, 89, 94, 87, 91],10,[117, 119, 109, 110, 118, 116],0,D
14,[168, 159, 165, 158, 163, 166],21,[242, 249, 251, 243, 241, 244],0,D
31,[372, 365, 364, 370, 371, 362],11,[122, 126, 121, 131, 124, 129],0,D
30,[351, 353, 350, 355, 358, 354],7,[83, 84, 76, 80, 78, 79],0,D
25,[292, 298, 295, 297, 294, 296],3,[31, 30, 25, 29, 27, 28],0,D
23,[269, 266, 270, 275, 267, 276],6,[61, 66, 68, 69, 72, 65],0,D
9,[101, 100, 102, 103, 104, 98],23,[274, 265, 269, 271, 276, 270],0,D
6,[68, 62, 61, 64, 71, 65],22,[253, 257, 262, 254, 258, 261],0,D
11,[121, 125, 129, 123, 128, 122],4,[48, 42, 38, 46, 37, 44],0,D
28,[326, 325, 335, 328, 327, 331],19,[224, 217, 223, 221, 226, 220],0,D
27,[313, 316, 314, 318, 322, 320],6,[61, 67, 69, 68, 65, 71],0,D
19,[218, 224, 222, 228, 219, 221],14,[161, 163, 159, 166, 158, 164],0,D
29,[347, 346, 345, 343, 348, 341],5,[58, 54, 55, 50, 60, 56],0,D
22,[260, 262, 253, 254, 256, 257],30,[356, 359, 350, 358, 349, 355],0,D
9,[101, 106, 103, 100, 105, 97],15,[171, 175, 177, 174, 169, 176],0,D
13,[155, 152, 151, 150, 153, 154],24,[279, 287, 285, 280, 281, 277],0,D
30,[359, 354, 352, 353, 360, 350],15,[180, 178, 170, 169, 177, 176],0,D
20,[232, 237, 239, 231, 230, 240],3,[29, 25, 27, 33, 32, 30],0,D
10,[112, 117, 113, 119, 118, 110],15,[175, 178, 179, 176, 171, 169],0,D
10,[119, 113, 118, 117, 116, 109],2,[14, 22, 21, 19, 18, 17],0,D
3,[26, 35, 33, 36, 34, 27],12,[133, 141, 140, 137, 144, 135],0,D
25,[289, 296, 291, 299, 293, 297],16,[185, 187, 182, 186, 184, 192],0,D
9,[108, 98, 107, 101, 104, 106],14,[163, 162, 158, 166, 161, 164],0,D
9,[100, 97, 104, 106, 101, 108],22,[262, 263, 257, 255, 256, 254],0,D
7,[82, 84, 76, 74, 79, 78],15,[179, 172, 178, 170, 175, 173],0,D
13,[147, 148, 154, 153, 151, 156],7,[83, 80, 74, 78, 76, 77],0,D
14,[159, 160, 166, 161, 158, 167],24,[278, 283, 284, 280, 285, 282],0,D
14,[158, 164, 161, 157, 160, 159],13,[153, 145, 154, 147, 156, 152],0,D
8,[93, 94, 86, 88, 96, 87],9,[98, 97, 100, 99, 104, 108],0,D
22,[255, 260, 261, 259, 264, 253],26,[307, 309, 304, 303, 305, 312],0,D
32,[376, 378, 383, 379, 375, 382],21,[244, 242, 246, 247, 251, 252],0,D
24,[280, 282, 287, 281, 284, 278],26,[306, 308, 312, 309, 305, 310],0,D
9,[104, 102, 97, 106, 98, 107],15,[172, 179, 175, 180, 176, 173],0,D
30,[350, 355, 349, 356, 354, 351],2,[18, 15, 14, 19, 16, 21],0,D
23,[266, 271, 265, 267, 273, 268],14,[158, 160, 166, 164, 168, 161],0,D
19,[218, 223, 228, 219, 220, 221],12,[139, 144, 143, 140, 136, 142],0,D
12,[142, 136, 135, 139, 141, 143],29,[343, 341, 346, 348, 347, 340],0,D
22,[264, 259, 263, 261, 257, 260],8,[86, 93, 91, 87, 89, 85],0,D
29,[341, 344, 345, 346, 338, 347],19,[218, 224, 225, 220, 217, 226],0,D
7,[79, 75, 80, 81, 84, 82],3,[30, 25, 34, 32, 29, 31],0,D
9,[108, 103, 107, 105, 104, 102],19,[222, 218, 219, 227, 228, 221],0,D
21,[248, 241, 246, 243, 249, 245],29,[344, 342, 341, 346, 347, 348],0,D
19,[220, 227, 228, 224, 219, 221],14,[168, 162, 163, 158, 165, 166],0,D
11,[132, 122, 125, 121, 130, 131],21,[246, 248, 244, 249, 242, 252],0,D
28,[328, 329, 333, 330, 332, 335],18,[206, 207, 216, 215, 210, 208],0,D
11,[128, 123, 129, 124, 131, 126],13,[145, 153, 154, 148, 156, 150],0,D
3,[26, 34, 36, 27, 33, 28],25,[299, 290, 297, 289, 292, 294],0,D
18,[211, 215, 216, 208, 212, 209],23,[270, 274, 275, 265, 272, 276],0,D
25,[290, 300, 292, 289, 294, 295],19,[223, 228, 225, 227, 218, 222],0,D
21,[245, 243, 248, 250, 249, 246],14,[159, 158, 165, 162, 160, 157],0,D
19,[221, 217, 219, 224, 223, 225],30,[353, 354, 355, 349, 352, 359],0,D
24,[285, 284, 286, 277, 280, 282],6,[66, 61, 69, 65, 63, 71],0,D
1,[9, 1, 4, 10, 3, 11],22,[258, 261, 264, 254, 257, 255],0,D
15,[169, 172, 175, 177, 170, 178],30,[360, 359, 357, 349, 353, 351],0,D
30,[354, 358, 353, 356, 359, 351],27,[324, 314, 321, 323, 318, 320],0,D
12,[136, 144, 135, 139, 133, 142],3,[30, 32, 34, 25, 28, 29],0,D
10,[117, 118, 115, 114, 116, 120],24,[284, 287, 278, 277, 280, 281],0,D
2,[19, 15, 23, 14, 24, 13],24,[287, 285, 286, 277, 280, 278],0,D
32,[376, 378, 374, 373, 382, 381],12,[139, 137, 134, 143, 142, 140],0,D
27,[324, 314, 322, 321, 318, 316],19,[223, 221, 218, 224, 222, 225],0,D
14,[157, 160, 162, 163, 168, 165],22,[263, 259, 254, 264, 261, 256],0,D
16,[184, 190, 185, 181, 182, 191],11,[128, 123, 121, 126, 122, 130],0,D
24,[284, 287, 288, 282, 277, 285],27,[316, 323, 313, 324, 319, 320],0,D
16,[186, 183, 184, 189, 190, 191],21,[248, 249, 247, 242, 243, 244],0,D
21,[248, 243, 242, 249, 247, 244],30,[360, 349, 358, 355, 356, 352],0,D
19,[223, 228, 221, 218, 227, 224],20,[238, 235, 230, 229, 236, 237],0,D
1,[5, 12, 6, 9, 8, 4],17,[204, 197, 194, 199, 196, 198],0,D
19,[221, 219, 225, 227, 218, 223],5,[50, 56, 49, 59, 57, 51],0,D
30,[360, 350, 352, 357, 349, 353],29,[347, 340, 345, 341, 342, 337],0,D
5,[49, 56, 53, 60, 59, 52],17,[197, 199, 198, 203, 195, 204],0,D
21,[245, 246, 244, 252, 251, 248],27,[316, 323, 319, 313, 324, 320],0,D
28,[330, 326, 335, 332, 329, 327],24,[285, 279, 283, 287, 281, 284],0,D
1,[1, 8, 5, 4, 10, 11],11,[124, 131, 121, 122, 123, 130],0,D
6,[62, 72, 68, 71, 70, 65],28,[333, 331, 325, 328, 332, 327],0,D
7,[77, 76, 73, 79, 78, 83],22,[264, 253, 254, 256, 258, 259],0,D
14,[164, 165, 162, 158, 163, 166],3,[29, 26, 32, 28, 30, 36],0,D
16,[187, 186, 191, 189, 188, 185],12,[133, 143, 138, 135, 142, 144],0,D
24,[279, 277, 284, 288, 283, 280],9,[108, 97, 100, 104, 99, 102],0,D
31,[366, 362, 372, 369, 367, 361],17,[202, 194, 204, 203, 196, 199],0,D
29,[344, 345, 337, 338, 347, 341],3,[33, 35, 30, 27, 29, 32],0,D
5,[57, 60, 59, 53, 56, 50],18,[209, 205, 213, 208, 214, 211],0,D
9,[106, 98, 102, 97, 103, 107],32,[376, 379, 374, 380, 378, 382],0,D
6,[66, 71, 62, 65, 64, 69],21,[244, 251, 250, 249, 252, 241],0,D
5,[58, 60, 56, 59, 52, 55],27,[313, 320, 314, 323, 315, 321],0,D
22,[264, 254, 262, 255, 260, 253],15,[178, 169, 171, 174, 170, 177],0,D
31,[372, 371, 368, 369, 365, 363],5,[58, 60, 50, 51, 49, 53],0,D
11,[130, 127, 125, 129, 126, 132],7,[76, 75, 84, 80, 78, 79],0,D
28,[331, 326, 327, 325, 328, 329],12,[139, 140, 137, 134, 142, 136],0,D
17,[202, 198, 193, 203, 201, 200],28,[326, 334, 327, 333, 336, 335],0,D
2,[24, 19, 21, 23, 14, 22],15,[176, 169, 170, 178, 172, 171],0,D
4,[44, 46, 45, 42, 48, 39],29,[345, 341, 338, 337, 348, 347],0,D
21,[243, 249, 244, 242, 247, 246],30,[355, 359, 360, 356, 349, 352],0,D
4,[44, 48, 43, 38, 40, 41],30,[349, 357, 356, 354, 360, 351],0,D
2,[13, 23, 17, 20, 24, 14],31,[369, 364, 372, 361, 368, 362],0,D
17,[193, 201, 196, 200, 204, 198],7,[80, 75, 73, 79, 78, 74],0,D
25,[294, 290, 293, 298, 297, 289],8,[94, 88, 92, 96, 93, 95],0,D
4,[41, 48, 44, 47, 40, 45],16,[185, 183, 192, 188, 189, 182],0,D
17,[195, 197, 204, 193, 201, 199],3,[36, 33, 25, 32, 35, 31],0,D
14,[168, 165, 167, 158, 163, 157],1,[4, 5, 2, 12, 6, 10],0,D
2,[18, 14, 21, 19, 15, 13],23,[269, 266, 273, 265, 270, 276],0,D
31,[367, 366, 370, 361, 362, 368],23,[276, 271, 270, 267, 265, 272],0,D
29,[346, 341, 348, 337, 347, 345],23,[265, 270, 273, 272, 275, 268],0,D
25,[291, 298, 292, 290, 296, 300],11,[132, 122, 127, 130, 121, 126],0,D
9,[103, 99, 106, 102, 107, 108],32,[384, 375, 381, 377, 379, 376],0,D
31,[362, 370, 363, 372, 364, 367],26,[302, 311, 303, 301, 304, 307],0,D
22,[263, 254, 259, 264, 262, 258],1,[8, 5, 1, 2, 12, 4],0,D
17,[194, 195, 197, 198, 201, 204],27,[318, 313, 316, 324, 321, 314],0,D
2,[14, 24, 18, 15, 22, 21],18,[207, 211, 206, 216, 213, 215],0,D
5,[50, 54, 59, 53, 57, 60],16,[182, 191, 186, 188, 189, 190],0,D
5,[60, 58, 59, 56, 53, 54],20,[240, 229, 231, 232, 237, 235],0,D
24,[283, 280, 282, 288, 284, 279],9,[105, 100, 104, 106, 108, 97],0,D
10,[117, 119, 112, 118, 116, 115],31,[369, 368, 365, 371, 364, 367],0,D
25,[292, 297, 296, 300, 298, 290],29,[342, 338, 340, 346, 339, 343],0,D
29,[345, 344, 337, 346, 341, 339],8,[85, 95, 90, 91, 88, 86],0,D
32,[380, 383, 377, 381, 374, 382],28,[332, 336, 327, 325, 328, 326],0,D
6,[64, 67, 71, 61, 63, 68],10,[118, 110, 117, 111, 116, 109],0,D
17,[195, 199, 202, 194, 196, 198],28,[330, 332, 334, 329, 328, 327],0,D
28,[332, 336, 326, 334, 327, 330],31,[362, 369, 370, 368, 371, 364],0,D
24,[287, 281, 288, 278, 285, 286],1,[4, 7, 10, 2, 9, 12],0,D
31,[362, 372, 370, 365, 366, 361],16,[182, 189, 187, 181, 190, 186],0,D
19,[217, 218, 222, 221, 219, 224],5,[54, 49, 51, 60, 58, 57],0,D
4,[38, 43, 47, 37, 48, 42],9,[97, 100, 104, 103, 107, 108],0,D
5,[49, 50, 58, 57, 54, 55],12,[134, 142, 138, 141, 140, 135],0,D
10,[109, 113, 119, 116, 120, 117],18,[214, 216, 211, 205, 213, 207],0,D
22,[263, 254, 260, 253, 258, 256],9,[103, 101, 108, 97, 106, 102],0,D
18,[216, 205, 206, 213, 208, 209],24,[281, 277, 285, 279, 278, 282],0,D
5,[50, 52, 57, 60, 58, 56],6,[66, 62, 63, 70, 68, 72],0,D
27,[324, 319, 322, 317, 323, 314],14,[165, 167, 160, 158, 168, 162],0,D
19,[217, 223, 221, 220, 227, 225],4,[37, 42, 45, 46, 48, 41],0,D
11,[129, 131, 130, 128, 123, 132],25,[299, 289, 297, 300, 294, 290],0,D
25,[294, 291, 290, 297, 296, 289],21,[247, 243, 246, 250, 251, 245],0,D
13,[154, 153, 148, 155, 152, 147],2,[13, 15, 14, 16, 22, 23],0,D
27,[316, 317, 323, 320, 315, 313],26,[309, 307, 303, 306, 304, 305],0,D
10,[113, 114, 109, 110, 115, 111],28,[332, 328, 327, 330, 333, 334],0,D
26,[307, 312, 301, 302, 310, 303],29,[345, 342, 337, 339, 348, 341],0,D
28,[333, 328, 329, 331, 325, 335],7,[84, 76, 77, 74, 82, 83],0,D
4,[43, 42, 47, 48, 41, 39],23,[271, 265, 267, 274, 272, 269],0,D
31,[362, 363, 369, 367, 372, 366],12,[135, 144, 143, 142, 139, 134],0,D
22,[262, 264, 258, 259, 263, 261],1,[9, 10, 7, 5, 2, 1],0,D
5,[50, 57, 49, 51, 60, 55],19,[224, 227, 228, 225, 221, 220],0,D
10,[117, 116, 113, 110, 112, 118],9,[107, 105, 108, 102, 103, 104],0,D
2,[21, 18, 15, 24, 13, 20],17,[196, 203, 199, 198, 195, 193],0,D
21,[241, 243, 250, 245, 248, 251],26,[311, 307, 312, 303, 302, 304],0,D
7,[74, 82, 83, 80, 81, 73],6,[67, 69, 72, 64, 70, 62],0,D
8,[86, 92, 89, 90, 93, 85],4,[39, 38, 41, 48, 47, 37],0,D
6,[66, 61, 67, 68, 72, 70],11,[128, 125, 131, 127, 132, 124],0,D
3,[26, 25, 29, 35, 31, 30],26,[312, 305, 310, 303, 308, 302],0,D
13,[150, 155, 156, 149, 148, 152],32,[378, 381, 384, 379, 375, 374],0,D
5,[52, 58, 59, 56, 49, 50],11,[121, 125, 126, 128, 124, 130],0,D
16,[182, 190, 183, 187, 185, 192],27,[322, 321, 320, 324, 313, 314],0,D
29,[345, 339, 348, 346, 344, 341],6,[68, 67, 62, 72, 65, 69],0,D
23,[274, 267, 268, 276, 275, 265],29,[337, 347, 340, 344, 341, 343],0,D
21,[244, 252, 241, 243, 242, 247],24,[280, 282, 277, 288, 286, 278],0,D
18,[216, 206, 213, 210, 205, 214],32,[374, 378, 375, 376, 380, 377],0,D
19,[220, 217, 227, 223, 222, 221],1,[10, 9, 12, 8, 6, 3],0,D
17,[204, 199, 194, 197, 198, 193],9,[108, 102, 101, 106, 100, 104],0,D
18,[211, 209, 214, 205, 206, 208],19,[223, 227, 224, 228, 225, 220],0,D
29,[342, 338, 343, 344, 347, 337],4,[44, 38, 48, 40, 39, 37],0,D
26,[308, 307, 309, 306, 304, 303],11,[124, 131, 130, 129, 126, 122],0,D
9,[99, 100, 108, 98, 107, 106],6,[71, 67, 63, 68, 70, 62],0,D
24,[282, 285, 281, 286, 288, 284],27,[316, 319, 323, 320, 314, 321],0,D
29,[348, 338, 340, 346, 342, 347],6,[68, 70, 65, 69, 71, 63],0,D
9,[104, 107, 97, 99, 106, 101],25,[296, 298, 290, 289, 300, 299],0,D
11,[132, 128, 127, 126, 121, 131],6,[69, 64, 72, 65, 62, 71],0,D
31,[369, 364, 371, 367, 366, 368],1,[8, 2, 5, 6, 1, 9],0,D
29,[337, 348, 341, 338, 343, 347],26,[312, 309, 311, 302, 304, 310],0,D
6,[64, 61, 69, 66, 63, 62],16,[184, 186, 189, 185, 182, 181],0,D
4,[44, 46, 38, 48, 40, 37],13,[149, 151, 145, 156, 152, 153],0,D
23,[266, 274, 273, 270, 267, 275],6,[61, 70, 66, 68, 62, 67],0,D
15,[179, 172, 177, 169, 170, 174],22,[259, 261, 262, 258, 255, 254],0,D
31,[364, 366, 361, 365, 363, 362],27,[316, 323, 320, 322, 324, 317],0,D
4,[47, 41, 42, 38, 48, 43],15,[177, 180, 174, 179, 173, 171],0,D
15,[180, 172, 179, 174, 178, 175],11,[122, 123, 125, 132, 124, 129],0,D
3,[30, 27, 26, 36, 25, 32],13,[145, 150, 146, 151, 155, 148],0,D
18,[209, 205, 207, 208, 211, 206],22,[257, 260, 255, 261, 259, 253],0,D
23,[267, 276, 271, 266, 273, 269],32,[373, 382, 380, 374, 379, 384],0,D
25,[293, 292, 294, 299, 297, 295],29,[348, 343, 341, 337, 346, 339],0,D
22,[261, 260, 256, 253, 255, 254],15,[169, 175, 179, 173, 171, 174],0,D
5,[57, 59, 49, 58, 54, 60],2,[18, 20, 22, 16, 19, 24],0,D
28,[336, 334, 332, 328, 329, 325],5,[57, 60, 53, 54, 56, 59],0,D
14,[163, 157, 167, 161, 160, 162],23,[272, 266, 267, 269, 273, 265],0,D
4,[45, 46, 47, 44, 41, 48],8,[94, 96, 89, 90, 88, 93],0,D
13,[153, 149, 148, 154, 146, 152],17,[201, 203, 198, 199, 200, 204],0,D
26,[302, 305, 310, 308, 311, 307],9,[100, 103, 104, 102, 107, 99],0,D
25,[289, 290, 296, 292, 293, 297],26,[308, 301, 312, 303, 305, 306],0,D
15,[177, 176, 174, 180, 171, 172],19,[224, 221, 220, 227, 218, 226],0,D
16,[190, 188, 191, 187, 185, 186],22,[261, 256, 263, 255, 259, 262],0,D
9,[105, 101, 100, 99, 107, 98],19,[225, 226, 227, 219, 217, 221],0,D
17,[197, 204, 193, 196, 200, 202],23,[275, 270, 273, 272, 269, 265],0,D
32,[378, 376, 374, 384, 379, 381],25,[292, 298, 290, 299, 294, 293],0,D
12,[142, 135, 139, 133, 143, 136],22,[255, 257, 261, 259, 262, 254],0,D
16,[188, 192, 187, 191, 189, 186],6,[66, 65, 70, 69, 63, 72],0,D
9,[98, 108, 106, 97, 99, 104],1,[9, 3, 8, 5, 10, 4],0,D
25,[294, 290, 295, 299, 293, 289],28,[330, 334, 326, 335, 332, 327],0,D
17,[199, 194, 202, 201, 198, 193],1,[1, 9, 5, 8, 12, 7],0,D
11,[123, 121, 122, 125, 128, 130],28,[333, 334, 329, 331, 328, 326],0,D
18,[212, 214, 207, 205, 215, 210],10,[109, 114, 113, 118, 111, 115],0,D
16,[185, 187, 191, 186, 184, 188],28,[331, 328, 325, 332, 329, 336],0,D
9,[101, 100, 106, 97, 105, 99],21,[246, 242, 241, 245, 252, 248],0,D
7,[83, 77, 78, 84, 76, 73],5,[49, 52, 57, 55, 60, 50],0,D
10,[109, 112, 110, 115, 111, 116],8,[85, 90, 96, 89, 95, 88],0,D
10,[111, 113, 114, 118, 117, 109],26,[310, 306, 305, 309, 304, 311],0,D
21,[248, 250, 249, 241, 246, 252],4,[43, 47, 46, 44, 41, 39],0,D
18,[211, 210, 214, 208, 206, 212],1,[2, 1, 11, 12, 10, 5],0,D
7,[76, 74, 73, 84, 79, 78],23,[270, 266, 265, 269, 271, 272],0,D
6,[66, 63, 70, 62, 69, 72],9,[108, 103, 97, 100, 107, 106],0,D
13,[145, 146, 155, 152, 154, 147],24,[284, 277, 285, 282, 279, 288],0,D
11,[130, 132, 126, 122, 123, 127],25,[297, 299, 292, 296, 293, 294],0,D
4,[38, 47, 43, 37, 44, 42],10,[120, 114, 110, 113, 118, 111],0,D
23,[271, 269, 272, 276, 265, 270],9,[100, 103, 97, 105, 104, 106],0,D
11,[130, 124, 123, 126, 132, 122],1,[6, 10, 12, 2, 3, 8],0,D
29,[346, 337, 348, 341, 339, 347],23,[269, 272, 274, 271, 270, 276],0,D
11,[121, 128, 129, 131, 127, 126],18,[210, 208, 209, 214, 215, 216],0,D
19,[219, 226, 224, 223, 218, 227],2,[23, 14, 17, 24, 20, 21],0,D
20,[233, 237, 234, 238, 235, 232],11,[121, 128, 124, 131, 130, 122],0,D
10,[120, 117, 111, 112, 118, 113],17,[198, 196, 197, 203, 195, 199],0,D
5,[57, 60, 53, 55, 59, 52],3,[36, 32, 26, 30, 29, 31],0,D
20,[239, 229, 234, 232, 233, 236],6,[69, 70, 66, 67, 68, 71],0,D
27,[321, 319, 320, 316, 318, 323],29,[338, 343, 340, 339, 347, 341],0,D
23,[271, 266, 270, 272, 276, 269],22,[257, 254, 264, 263, 256, 255],0,D
21,[252, 244, 241, 250, 249, 243],22,[257, 260, 256, 263, 253, 258],0,D
6,[69, 66, 64, 71, 65, 70],7,[82, 74, 76, 75, 84, 80],0,D
32,[377, 378, 384, 373, 381, 379],25,[296, 289, 294, 293, 291, 295],0,D
3,[34, 29, 35, 27, 33, 26],29,[347, 337, 348, 343, 340, 345],0,D
7,[82, 84, 81, 80, 76, 73],26,[308, 306, 302, 310, 304, 312],0,D
16,[190, 185, 186, 191, 189, 188],5,[57, 51, 50, 58, 49, 54],0,D
5,[49, 58, 57, 54, 52, 50],16,[182, 189, 192, 181, 187, 183],0,D
32,[381, 382, 374, 379, 378, 375],16,[188, 185, 184, 189, 192, 187],0,D
11,[128, 131, 126, 124, 127, 130],5,[49, 52, 51, 55, 54, 50],0,D
16,[188, 191, 186, 192, 190, 182],11,[121, 127, 132, 126, 122, 123],0,D
11,[122, 131, 129, 130, 125, 132],21,[242, 245, 247, 249, 241, 251],0,D
12,[133, 139, 135, 143, 138, 142],3,[28, 26, 33, 31, 25, 34],0,D
21,[249, 247, 242, 241, 248, 243],16,[186, 187, 192, 188, 181, 184],0,D
25,[289, 294, 295, 296, 298, 300],20,[233, 236, 230, 239, 238, 235],0,D
28,[333, 328, 335, 336, 332, 325],20,[234, 233, 237, 231, 235, 230],0,D
29,[339, 344, 346, 345, 337, 348],31,[370, 371, 368, 363, 372, 361],0,D
20,[237, 235, 234, 230, 229, 238],19,[220, 217, 221, 222, 223, 219],0,D
23,[274, 268, 267, 265, 276, 271],9,[103, 101, 99, 97, 98, 102],0,D
22,[257, 256, 261, 264, 253, 262],28,[326, 327, 335, 329, 330, 334],0,D
18,[212, 206, 215, 208, 216, 207],14,[157, 166, 159, 167, 162, 164],0,D
22,[260, 255, 259, 253, 262, 264],23,[265, 267, 272, 275, 276, 268],0,D
23,[269, 275, 276, 267, 270, 265],25,[296, 300, 298, 294, 290, 293],0,D
4,[45, 41, 42, 46, 39, 48],13,[155, 154, 149, 156, 147, 146],0,D
7,[76, 81, 84, 79, 74, 83],19,[226, 227, 217, 218, 224, 228],0,D
5,[55, 57, 60, 54, 49, 52],14,[164, 168, 163, 157, 159, 165],0,D
7,[81, 73, 79, 74, 82, 77],6,[64, 67, 69, 68, 66, 70],0,D
28,[331, 332, 330, 329, 335, 333],15,[179, 180, 169, 174, 177, 178],0,D
4,[47, 41, 48, 44, 39, 37],19,[223, 227, 226, 224, 220, 221],0,D
26,[302, 305, 311, 306, 309, 312],30,[353, 351, 355, 360, 359, 356],0,D
5,[56, 52, 50, 51, 55, 53],6,[65, 72, 69, 66, 62, 71],0,D
23,[265, 275, 267, 273, 274, 268],24,[279, 285, 284, 286, 283, 281],0,D
22,[259, 255, 261, 258, 263, 256],25,[300, 293, 290, 296, 291, 297],0,D
12,[142, 139, 143, 140, 144, 138],16,[182, 187, 190, 183, 191, 184],0,D
7,[80, 79, 82, 84, 81, 83],22,[260, 263, 256, 259, 254, 264],0,D
11,[131, 125, 127, 128, 126, 121],4,[39, 37, 38, 45, 40, 48],0,D
19,[223, 225, 221, 226, 228, 217],23,[266, 276, 275, 271, 268, 272],0,D
27,[323, 313, 317, 322, 316, 314],13,[152, 155, 148, 154, 150, 145],0,D
8,[93, 88, 87, 96, 92, 86],12,[141, 138, 133, 135, 143, 140],0,D
26,[305, 301, 303, 312, 307, 302],28,[326, 334, 333, 336, 327, 332],0,D
2,[17, 24, 20, 16, 21, 23],5,[51, 50, 56, 52, 59, 54],-4,L
24,[283, 278, 285, 282, 280, 287],28,[334, 331, 328, 330, 327, 335],0,D
20,[232, 239, 234, 237, 238, 240],7,[75, 83, 79, 78, 80, 82],0,D
32,[379, 373, 378, 381, 384, 374],3,[32, 31, 33, 26, 29, 35],0,D
9,[107, 99, 108, 97, 104, 106],23,[274, 266, 275, 272, 265, 268],0,D
32,[381, 382, 383, 378, 377, 384],5,[51, 56, 54, 53, 59, 49],0,D
32,[382, 384, 379, 375, 373, 378],14,[158, 157, 165, 168, 166, 161],0,D
16,[190, 182, 187, 191, 183, 188],25,[299, 298, 292, 297, 289, 296],0,D
19,[226, 217, 220, 225, 227, 228],3,[36, 30, 28, 25, 33, 31],0,D
20,[233, 240, 230, 236, 229, 235],32,[377, 381, 384, 375, 380, 382],0,D
11,[132, 131, 126, 123, 125, 127],20,[232, 229, 233, 237, 234, 240],0,D
11,[129, 122, 126, 128, 132, 123],9,[105, 107, 100, 103, 97, 102],0,D
14,[159, 166, 165, 167, 164, 162],16,[188, 189, 190, 182, 191, 187],0,D
15,[173, 169, 177, 178, 174, 176],12,[143, 136, 135, 139, 133, 141],0,D
24,[285, 282, 283, 279, 288, 287],23,[266, 273, 271, 270, 275, 276],0,D
31,[369, 372, 368, 365, 367, 370],8,[96, 91, 86, 92, 90, 94],0,D
7,[73, 77, 75, 76, 78, 79],1,[12, 10, 11, 7, 4, 2],0,D
27,[317, 322, 320, 315, 318, 316],6,[69, 62, 67, 70, 66, 61],0,D
4,[42, 41, 48, 40, 37, 39],6,[69, 61, 63, 71, 62, 66],0,D
32,[376, 382, 380, 383, 374, 379],19,[222, 226, 220, 217, 227, 223],0,D
12,[141, 133, 138, 143, 137, 134],11,[130, 125, 132, 123, 121, 126],0,D
20,[231, 232, 235, 237, 240, 238],31,[366, 363, 369, 372, 365, 370],0,D
31,[362, 364, 368, 369, 370, 371],13,[154, 150, 151, 148, 145, 149],0,D
10,[110, 111, 112, 116, 113, 120],16,[181, 187, 184, 182, 192, 190],0,D
31,[371, 370, 368, 366, 369, 372],30,[350, 357, 360, 354, 355, 351],0,D
26,[308, 303, 304, 312, 307, 309],11,[123, 122, 129, 127, 124, 132],0,D
15,[175, 178, 171, 170, 172, 179],25,[291, 297, 294, 299, 289, 298],0,D
4,[48, 39, 40, 43, 45, 44],31,[369, 363, 365, 372, 368, 370],0,D
18,[211, 209, 207, 212, 208, 215],4,[37, 47, 48, 38, 45, 39],0,D
16,[186, 183, 184, 188, 190, 191],21,[248, 241, 242, 243, 250, 249],0,D
6,[65, 61, 67, 70, 62, 66],25,[297, 291, 299, 293, 296, 295],0,D
9,[102, 97, 106, 101, 99, 105],23,[270, 273, 271, 265, 269, 267],0,D
26,[306, 312, 310, 302, 311, 307],27,[315, 321, 322, 314, 313, 317],0,D
3,[33, 26, 31, 36, 25, 28],18,[210, 216, 209, 215, 206, 207],0,D
15,[177, 170, 180, 173, 176, 172],20,[235, 232, 237, 230, 239, 240],0,D
14,[158, 161, 166, 157, 167, 160],15,[177, 175, 169, 179, 171, 174],0,D
1,[4, 2, 7, 5, 6, 9],30,[350, 358, 355, 352, 356, 357],0,D
31,[370, 361, 369, 364, 363, 362],1,[6, 12, 8, 4, 5, 3],0,D
13,[152, 148, 151, 145, 147, 154],20,[234, 229, 235, 230, 233, 238],0,D
22,[253, 255, 260, 258, 263, 256],28,[335, 328, 332, 325, 334, 336],0,D
14,[167, 158, 168, 165, 159, 157],4,[39, 47, 41, 40, 45, 43],0,D
5,[52, 58, 49, 57, 50, 60],13,[145, 147, 155, 156, 146, 149],0,D
24,[288, 279, 282, 284, 281, 278],30,[349, 359, 351, 354, 358, 350],0,D
32,[384, 378, 374, 379, 376, 381],9,[103, 108, 104, 105, 106, 97],0,D
18,[209, 215, 213, 208, 210, 216],4,[45, 39, 48, 43, 41, 37],0,D
9,[107, 101, 108, 102, 99, 98],5,[57, 58, 51, 52, 50, 55],0,D
2,[13, 19, 16, 14, 20, 24],31,[371, 372, 363, 368, 361, 370],0,D
7,[81, 80, 77, 76, 83, 75],25,[296, 290, 299, 300, 294, 298],0,D
11,[130, 125, 122, 129, 132, 121],7,[78, 83, 84, 74, 81, 76],0,D
30,[356, 354, 351, 360, 350, 359],11,[129, 132, 122, 127, 123, 121],0,D
6,[61, 65, 62, 70, 67, 68],22,[263, 253, 261, 257, 264, 258],3,W
3,[36, 27, 29, 28, 35, 32],22,[254, 256, 264, 255, 259, 262],0,D
4,[37, 39, 41, 38, 45, 44],27,[324, 317, 319, 318, 315, 320],0,D
24,[286, 278, 287, 283, 288, 277],3,[30, 32, 35, 31, 33, 34],0,D
28,[336, 329, 330, 325, 327, 331],24,[286, 283, 279, 277, 288, 280],0,D
24,[281, 280, 285, 282, 284, 288],2,[21, 18, 24, 17, 19, 22],-5,L
4,[43, 47, 44, 45, 39, 46],10,[115, 118, 113, 116, 120, 114],0,D
27,[322, 318, 319, 324, 320, 314],6,[66, 68, 62, 63, 70, 71],0,D
27,[323, 324, 320, 322, 321, 317],2,[20, 18, 23, 13, 14, 22],0,D
5,[58, 49, 57, 56, 59, 50],24,[280, 287, 286, 278, 284, 282],0,D
2,[23, 20, 16, 17, 18, 22],9,[103, 97, 107, 104, 108, 99],0,D
28,[328, 326, 327, 332, 333, 335],16,[192, 185, 183, 189, 187, 190],0,D
21,[248, 243, 250, 249, 245, 242],12,[136, 144, 141, 135, 137, 138],0,D
17,[193, 197, 201, 199, 195, 200],9,[98, 99, 105, 103, 107, 97],0,D
17,[195, 203, 198, 193, 197, 201],24,[285, 283, 277, 282, 279, 286],0,D
16,[191, 189, 181, 184, 186, 192],30,[355, 350, 360, 352, 349, 353],0,D
29,[341, 339, 344, 345, 346, 340],16,[188, 183, 189, 181, 186, 191],2,W
2,[23, 15, 20, 17, 19, 24],7,[80, 81, 84, 78, 77, 75],0,D
12,[135, 144, 138, 142, 141, 134],24,[287, 278, 277, 281, 286, 280],0,D
9,[108, 98, 97, 105, 100, 103],6,[67, 71, 62, 61, 70, 63],0,D
27,[314, 315, 320, 317, 318, 319],21,[245, 244, 248, 250, 251, 247],0,D
20,[230, 234, 232, 233, 239, 240],13,[153, 148, 150, 145, 154, 151],0,D
22,[263, 260, 262, 253, 256, 258],20,[239, 232, 233, 236, 235, 231],0,D
15,[169, 172, 179, 170, 171, 176],14,[158, 157, 161, 163, 165, 159],0,D
7,[83, 80, 84, 77, 76, 74],28,[335, 332, 325, 334, 336, 329],0,D
32,[381, 374, 384, 376, 382, 373],11,[127, 128, 123, 124, 122, 131],0,D
7,[76, 84, 80, 78, 75, 73],14,[164, 162, 163, 168, 166, 160],0,D
11,[125, 124, 132, 126, 121, 129],21,[245, 250, 244, 242, 246, 243],0,D
10,[119, 115, 120, 118, 111, 110],4,[48, 41, 43, 45, 47, 39],0,D
2,[21, 18, 19, 20, 22, 23],8,[96, 95, 93, 92, 88, 90],0,D
26,[308, 306, 302, 307, 311, 305],14,[162, 158, 168, 167, 165, 160],0,D
20,[236, 231, 240, 239, 238, 232],27,[319, 315, 313, 316, 322, 323],0,D
8,[85, 87, 86, 92, 93, 94],11,[124, 126, 125, 131, 132, 121],0,D
23,[269, 267, 270, 274, 268, 272],32,[380, 383, 381, 375, 376, 378],0,D
19,[224, 219, 227, 226, 221, 220],18,[211, 208, 215, 212, 209, 216],0,D
26,[303, 304, 307, 312, 305, 310],25,[297, 296, 294, 290, 299, 295],0,D
17,[200, 201, 202, 196, 198, 197],21,[248, 250, 249, 242, 246, 247],0,D
4,[40, 41, 37, 38, 46, 45],23,[268, 270, 276, 269, 266, 272],0,D
1,[8, 10, 7, 11, 9, 3],22,[261, 263, 255, 264, 253, 259],0,D
6,[61, 71, 65, 68, 62, 64],24,[287, 278, 286, 288, 283, 285],0,D
22,[253, 260, 262, 257, 256, 258],23,[265, 266, 268, 275, 272, 270],0,D
15,[175, 177, 179, 174, 173, 172],22,[260, 258, 263, 264, 255, 262],0,D
20,[231, 230, 235, 232, 238, 236],32,[379, 377, 378, 374, 373, 375],0,D
30,[354, 355, 359, 357, 351, 352],19,[218, 228, 217, 224, 221, 223],0,D
18,[213, 215, 210, 209, 211, 206],24,[279, 280, 281, 278, 286, 285],0,D
26,[304, 306, 301, 309, 311, 307],27,[320, 316, 318, 313, 323, 315],0,D
21,[251, 249, 246, 243, 247, 248],8,[85, 86, 91, 87, 92, 93],0,D
23,[276, 265, 269, 266, 267, 275],4,[41, 43, 45, 40, 44, 37],0,D
22,[257, 253, 263, 262, 256, 264],28,[333, 329, 334, 328, 330, 331],0,D
15,[180, 178, 172, 176, 170, 179],20,[233, 232, 240, 237, 235, 238],0,D
18,[210, 214, 208, 205, 212, 206],8,[93, 95, 94, 87, 86, 96],0,D
31,[363, 372, 361, 364, 362, 366],1,[4, 9, 2, 6, 11, 5],0,D
9,[98, 106, 102, 99, 104, 105],11,[128, 131, 123, 121, 132, 130],0,D
26,[304, 308, 306, 301, 303, 311],10,[118, 119, 109, 112, 110, 111],0,D
6,[63, 61, 69, 72, 62, 71],27,[324, 323, 320, 315, 322, 318],0,D
5,[49, 51, 58, 55, 59, 60],27,[323, 322, 318, 317, 320, 315],0,D
5,[60, 55, 49, 59, 51, 58],23,[273, 266, 275, 269, 267, 274],0,D
22,[260, 255, 264, 261, 254, 257],28,[327, 328, 330, 331, 325, 329],0,D
27,[319, 317, 314, 323, 316, 313],1,[1, 5, 7, 4, 12, 11],0,D
26,[305, 306, 302, 310, 309, 312],27,[323, 319, 322, 314, 324, 321],0,D
7,[79, 73, 74, 80, 82, 84],5,[49, 59, 55, 51, 50, 60],0,D
2,[23, 13, 16, 22, 19, 24],14,[164, 160, 163, 157, 166, 162],0,D
18,[209, 212, 206, 211, 216, 210],29,[345, 341, 343, 337, 340, 339],0,D
17,[197, 203, 196, 194, 200, 204],29,[345, 337, 344, 341, 342, 338],0,D
5,[60, 54, 50, 51, 57, 58],19,[228, 218, 223, 219, 217, 220],0,D
2,[21, 13, 19, 15, 22, 14],29,[343, 341, 346, 347, 342, 345],0,D
30,[353, 352, 350, 354, 351, 357],8,[91, 86, 85, 88, 95, 92],0,D
32,[373, 380, 384, 374, 381, 382],7,[76, 80, 73, 81, 74, 83],0,D
30,[351, 353, 356, 350, 360, 355],21,[241, 247, 252, 251, 242, 249],0,D
21,[245, 250, 248, 252, 247, 251],18,[215, 211, 213, 205, 209, 214],0,D
28,[326, 327, 329, 336, 330, 334],25,[295, 292, 294, 296, 299, 293],0,D
29,[340, 341, 343, 348, 338, 345],8,[86, 89, 92, 88, 85, 95],0,D
32,[378, 375, 380, 379, 374, 381],28,[334, 335, 336, 327, 326, 328],0,D
25,[297, 290, 293, 289, 292, 296],32,[378, 374, 384, 382, 376, 383],0,D
14,[159, 163, 165, 157, 168, 167],22,[256, 263, 259, 264, 255, 262],0,D
5,[57, 52, 59, 58, 54, 55],11,[130, 132, 127, 131, 123, 129],0,D
30,[353, 358, 357, 360, 349, 351],29,[340, 344, 341, 346, 345, 348],0,D
4,[46, 41, 48, 44, 37, 47],28,[327, 326, 331, 330, 334, 335],0,D
25,[289, 292, 293, 291, 294, 296],19,[219, 220, 222, 226, 225, 221],0,D
20,[231, 236, 232, 229, 233, 230],15,[178, 171, 179, 180, 175, 176],0,D
23,[272, 273, 267, 265, 270, 266],21,[241, 242, 244, 249, 247, 250],0,D
1,[5, 10, 11, 9, 8, 2],9,[99, 102, 104, 103, 107, 101],0,D
18,[214, 206, 207, 209, 212, 215],30,[358, 352, 357, 355, 354, 353],0,D
2,[18, 24, 14, 23, 13, 21],3,[27, 26, 31, 32, 29, 36],0,D
31,[361, 367, 369, 365, 370, 364],9,[101, 105, 97, 102, 106, 100],0,D
6,[70, 69, 67, 65, 68, 64],32,[379, 377, 382, 380, 373, 376],0,D
4,[46, 38, 39, 47, 43, 48],11,[129, 125, 126, 131, 121, 124],0,D
20,[237, 239, 230, 240, 233, 236],22,[264, 257, 261, 260, 262, 259],0,D
3,[26, 36, 33, 31, 27, 25],29,[345, 341, 347, 339, 342, 338],0,D
24,[283, 280, 284, 279, 277, 285],7,[76, 79, 81, 77, 74, 78],0,D
25,[299, 290, 298, 289, 294, 300],18,[213, 212, 207, 215, 209, 206],0,D
2,[16, 20, 22, 15, 18, 24],1,[8, 10, 1, 6, 5, 3],0,D
24,[284, 277, 283, 287, 285, 281],20,[233, 238, 240, 235, 237, 229],0,D
17,[196, 204, 198, 193, 199, 197],1,[5, 12, 9, 10, 3, 8],0,D
8,[90, 86, 85, 92, 94, 89],11,[131, 125, 127, 129, 128, 123],0,D
9,[107, 100, 98, 108, 97, 101],28,[331, 329, 326, 335, 332, 330],0,D
27,[322, 320, 323, 318, 314, 316],29,[342, 343, 345, 344, 346, 341],0,D
30,[357, 351, 353, 349, 355, 356],4,[44, 41, 42, 48, 37, 46],0,D
16,[192, 184, 190, 191, 188, 186],19,[227, 222, 219, 225, 223, 228],0,D
19,[225, 228, 224, 218, 227, 220],22,[259, 263, 254, 264, 256, 253],0,D
21,[246, 249, 244, 250, 252, 245],9,[100, 106, 108, 104, 103, 105],3,W
9,[108, 106, 100, 101, 98, 104],19,[221, 220, 219, 218, 227, 226],0,D
31,[362, 366, 365, 371, 372, 361],17,[193, 203, 195, 202, 201, 200],0,D
2,[23, 20, 15, 13, 16, 22],31,[372, 363, 369, 361, 364, 362],0,D
11,[121, 128, 127, 126, 122, 130],23,[270, 274, 269, 276, 267, 265],0,D
3,[31, 27, 32, 25, 34, 35],29,[342, 339, 346, 345, 348, 347],0,D
19,[227, 217, 221, 220, 226, 219],21,[241, 242, 248, 249, 245, 243],0,D
20,[235, 236, 232, 234, 239, 231],14,[161, 167, 165, 163, 168, 157],0,D
3,[36, 27, 25, 30, 31, 33],17,[203, 200, 195, 202, 197, 194],0,D
10,[120, 119, 113, 117, 114, 111],2,[14, 16, 13, 23, 18, 22],-5,L
29,[345, 342, 339, 344, 338, 346],3,[34, 29, 28, 35, 36, 32],0,D
16,[190, 185, 191, 182, 187, 183],4,[47, 43, 45, 38, 37, 46],0,D
22,[253, 259, 255, 261, 262, 257],28,[326, 330, 331, 334, 333, 336],0,D
10,[113, 109, 120, 117, 110, 115],19,[218, 225, 221, 219, 220, 222],0,D
28,[325, 333, 335, 326, 329, 331],16,[191, 190, 192, 184, 186, 189],0,D
9,[107, 101, 98, 97, 104, 103],32,[379, 377, 380, 384, 382, 383],0,D
31,[371, 362, 370, 368, 372, 365],18,[208, 211, 207, 216, 213, 209],0,D
30,[359, 353, 360, 358, 349, 351],14,[158, 161, 167, 165, 162, 163],0,D
22,[256, 253, 261, 257, 254, 262],29,[338, 341, 347, 339, 345, 340],0,D
3,[31, 28, 25, 26, 29, 33],29,[343, 341, 337, 344, 340, 346],0,D
12,[135, 142, 138, 140, 141, 144],24,[283, 287, 277, 285, 281, 279],0,D
1,[7, 12, 3, 10, 6, 5],32,[383, 380, 384, 376, 382, 374],0,D
17,[193, 197, 203, 194, 202, 199],23,[274, 273, 266, 270, 269, 268],0,D
4,[38, 41, 45, 43, 39, 48],5,[57, 54, 56, 60, 51, 52],0,D
8,[89, 85, 91, 92, 88, 90],27,[320, 323, 315, 321, 313, 324],0,D
14,[165, 162, 166, 168, 158, 163],9,[102, 105, 101, 97, 107, 103],0,D
9,[106, 105, 108, 98, 102, 101],25,[298, 289, 294, 300, 297, 299],-3,L
9,[106, 99, 102, 105, 98, 104],7,[80, 78, 84, 83, 82, 73],0,D
16,[190, 183, 192, 185, 184, 188],14,[165, 164, 168, 159, 160, 158],0,D
7,[76, 80, 74, 82, 79, 81],5,[53, 54, 59, 60, 56, 57],0,D
5,[55, 56, 59, 58, 57, 53],14,[164, 163, 165, 159, 161, 158],0,D
14,[162, 166, 159, 164, 168, 158],31,[363, 367, 371, 362, 366, 361],0,D
3,[27, 30, 25, 28, 31, 36],31,[362, 363, 366, 368, 367, 361],0,D
31,[368, 370, 362, 371, 367, 366],8,[95, 89, 96, 86, 90, 92],0,D
8,[93, 94, 88, 85, 96, 87],18,[210, 209, 214, 211, 206, 207],0,D
13,[152, 145, 153, 150, 154, 155],22,[254, 257, 258, 263, 256, 255],-1,L
28,[333, 336, 335, 334, 330, 332],17,[203, 200, 202, 196, 194, 195],0,D
30,[356, 353, 360, 349, 351, 350],24,[279, 285, 280, 283, 278, 281],0,D
15,[171, 178, 174, 176, 175, 172],25,[291, 295, 292, 296, 294, 298],0,D
6,[65, 68, 71, 67, 69, 72],4,[41, 39, 37, 38, 48, 43],0,D
10,[111, 115, 116, 120, 114, 112],26,[310, 303, 306, 311, 308, 305],0,D
15,[174, 176, 178, 169, 170, 173],1,[3, 7, 9, 6, 8, 5],0,D
2,[20, 13, 23, 24, 17, 22],10,[110, 113, 120, 116, 112, 119],0,D
32,[380, 382, 384, 375, 383, 377],7,[76, 75, 77, 83, 84, 81],0,D
10,[119, 116, 109, 110, 120, 111],14,[168, 162, 161, 157, 160, 159],0,D
4,[40, 42, 45, 41, 43, 39],14,[160, 162, 163, 161, 159, 167],0,D
15,[178, 179, 175, 177, 170, 173],22,[261, 254, 258, 257, 262, 256],0,D
4,[47, 37, 39, 44, 43, 38],12,[135, 137, 136, 143, 139, 142],0,D
2,[15, 19, 16, 17, 22, 13],7,[80, 82, 75, 78, 76, 83],0,D
10,[116, 117, 119, 120, 115, 112],21,[244, 247, 250, 251, 246, 249],0,D
15,[173, 169, 177, 174, 180, 172],18,[208, 211, 209, 213, 206, 216],0,D
28,[333, 328, 327, 329, 325, 326],7,[84, 73, 75, 76, 74, 80],0,D
7,[77, 83, 73, 81, 76, 84],22,[263, 254, 264, 253, 256, 261],0,D
12,[144, 139, 138, 142, 141, 135],27,[318, 316, 317, 315, 313, 314],0,D
32,[375, 383, 378, 381, 373, 384],25,[295, 292, 293, 291, 296, 289],0,D
31,[368, 365, 369, 362, 361, 370],17,[199, 204, 201, 203, 202, 195],0,D
6,[69, 68, 65, 67, 70, 62],3,[26, 28, 30, 34, 25, 29],0,D
6,[67, 70, 71, 63, 64, 65],11,[126, 121, 127, 125, 131, 132],0,D
6,[70, 64, 72, 69, 66, 61],24,[278, 282, 284, 283, 277, 279],0,D
23,[276, 275, 266, 271, 273, 265],9,[105, 97, 108, 103, 104, 98],0,D
13,[151, 145, 153, 154, 146, 150],2,[20, 18, 16, 15, 14, 24],0,D
30,[350, 357, 359, 358, 360, 354],9,[100, 107, 99, 103, 105, 104],0,D
8,[94, 90, 86, 95, 96, 92],29,[342, 341, 347, 343, 337, 339],0,D
6,[72, 68, 63, 67, 64, 70],28,[335, 332, 331, 325, 329, 326],0,D
4,[39, 47, 44, 45, 42, 40],6,[63, 72, 69, 64, 62, 71],0,D
28,[328, 326, 331, 325, 333, 327],25,[296, 289, 300, 298, 290, 293],0,D
28,[325, 333, 334, 331, 332, 329],4,[37, 45, 48, 46, 43, 39],0,D
16,[185, 189, 190, 187, 184, 188],4,[44, 39, 45, 37, 46, 42],0,D
24,[280, 287, 284, 277, 288, 282],26,[311, 304, 309, 302, 303, 308],0,D
18,[210, 209, 212, 214, 207, 206],9,[107, 105, 101, 104, 102, 100],0,D
29,[346, 338, 347, 339, 348, 345],22,[256, 262, 261, 257, 258, 264],0,D
22,[256, 263, 258, 262, 255, 254],7,[80, 74, 76, 83, 77, 82],0,D
25,[290, 297, 298, 300, 296, 289],7,[79, 77, 73, 75, 82, 83],0,D
8,[86, 88, 91, 89, 92, 85],17,[199, 198, 197, 196, 201, 193],0,D
12,[141, 143, 139, 138, 137, 136],7,[75, 76, 74, 80, 78, 77],0,D
22,[258, 256, 260, 257, 255, 264],7,[81, 82, 75, 74, 79, 73],0,D
14,[159, 166, 162, 165, 168, 163],9,[99, 103, 108, 102, 98, 107],0,D
23,[266, 269, 275, 270, 273, 272],5,[50, 57, 51, 60, 58, 54],0,D
29,[344, 347, 343, 342, 338, 348],8,[85, 89, 96, 95, 94, 87],0,D
9,[99, 105, 107, 104, 101, 102],31,[366, 365, 364, 369, 367, 371],0,D
25,[299, 292, 293, 295, 298, 297],16,[184, 182, 186, 188, 181, 185],0,D
7,[81, 84, 75, 77, 74, 73],16,[186, 188, 189, 185, 181, 182],0,D
15,[176, 174, 180, 173, 172, 169],14,[159, 160, 163, 162, 167, 161],0,D
9,[107, 102, 105, 98, 97, 104],12,[136, 137, 143, 142, 139, 144],0,D
5,[59, 51, 53, 54, 50, 60],10,[115, 112, 110, 116, 111, 117],0,D
22,[263, 255, 254, 253, 264, 260],3,[26, 33, 34, 25, 36, 27],0,D
14,[168, 161, 166, 157, 162, 163],13,[152, 153, 150, 154, 145, 155],0,D
14,[159, 166, 167, 161, 165, 158],8,[86, 93, 85, 87, 92, 88],0,D
10,[110, 114, 109, 116, 111, 117],22,[262, 260, 255, 261, 254, 259],0,D
23,[274, 271, 275, 276, 272, 266],24,[284, 287, 277, 288, 282, 286],0,D
15,[178, 169, 179, 172, 173, 176],29,[342, 338, 348, 339, 340, 341],0,D
13,[153, 151, 147, 156, 145, 155],31,[362, 363, 369, 365, 368, 371],0,D
27,[314, 320, 313, 322, 321, 315],25,[289, 299, 296, 294, 297, 290],0,D
3,[34, 30, 35, 25, 33, 26],12,[134, 133, 142, 141, 135, 140],0,D
1,[1, 4, 7, 12, 2, 3],31,[372, 366, 362, 370, 368, 371],0,D
20,[233, 231, 239, 237, 234, 235],11,[130, 132, 125, 128, 131, 123],0,D
25,[299, 289, 294, 292, 300, 296],15,[176, 177, 170, 178, 180, 169],0,D
14,[164, 167, 158, 159, 163, 160],5,[54, 57, 56, 59, 52, 50],0,D
13,[150, 149, 148, 145, 156, 154],8,[88, 96, 90, 89, 92, 94],0,D
9,[99, 104, 102, 97, 101, 100],18,[208, 209, 212, 205, 206, 216],0,D
15,[178, 170, 172, 179, 175, 180],25,[291, 298, 292, 296, 294, 300],0,D
19,[218, 220, 224, 228, 219, 226],6,[71, 63, 72, 64, 69, 66],0,D
19,[223, 225, 228, 224, 217, 221],31,[371, 362, 363, 361, 367, 365],0,D
31,[362, 372, 365, 370, 366, 367],15,[174, 179, 169, 173, 171, 176],0,D
12,[137, 139, 144, 138, 142, 133],20,[240, 235, 238, 233, 232, 230],0,D
8,[88, 96, 92, 94, 86, 89],23,[271, 276, 270, 273, 269, 267],0,D
25,[295, 293, 292, 294, 296, 290],19,[225, 227, 220, 223, 221, 226],0,D
19,[221, 227, 223, 217, 224, 218],27,[314, 317, 324, 321, 320, 315],0,D
13,[147, 146, 149, 148, 150, 153],5,[53, 57, 60, 56, 58, 51],0,D
28,[335, 327, 331, 328, 336, 332],11,[123, 127, 122, 126, 131, 132],0,D
5,[60, 51, 50, 58, 59, 53],32,[382, 377, 380, 381, 374, 384],0,D
8,[91, 93, 95, 86, 89, 88],27,[315, 324, 323, 314, 313, 317],0,D
6,[63, 71, 62, 72, 69, 67],22,[260, 258, 264, 255, 254, 256],0,D
17,[194, 197, 199, 203, 202, 201],11,[122, 132, 126, 121, 128, 130],0,D
15,[170, 176, 172, 173, 177, 174],24,[285, 287, 280, 281, 284, 278],0,D
12,[142, 141, 139, 136, 140, 143],30,[350, 356, 360, 354, 349, 358],0,D
16,[188, 186, 181, 187, 190, 191],17,[195, 200, 203, 202, 198, 197],0,D
10,[111, 109, 113, 110, 120, 117],28,[329, 328, 331, 334, 336, 333],0,D
9,[103, 102, 106, 97, 99, 98],6,[68, 64, 63, 70, 72, 66],0,D
3,[25, 26, 31, 29, 32, 30],18,[215, 216, 211, 208, 212, 210],0,D
29,[346, 338, 348, 337, 345, 347],21,[242, 250, 244, 243, 246, 241],0,D
22,[253, 260, 256, 264, 255, 258],15,[178, 177, 173, 176, 174, 170],0,D
27,[316, 324, 313, 323, 321, 317],31,[362, 363, 372, 370, 368, 366],0,D
10,[112, 109, 120, 110, 117, 114],22,[264, 259, 255, 260, 254, 257],0,D
27,[321, 320, 316, 313, 319, 317],24,[285, 281, 279, 286, 277, 280],0,D
7,[74, 75, 76, 77, 73, 80],29,[348, 340, 345, 347, 338, 343],0,D
19,[224, 222, 218, 228, 225, 223],11,[132, 126, 131, 124, 127, 122],0,D
13,[150, 148, 154, 145, 149, 156],4,[39, 43, 37, 45, 47, 44],0,D
27,[316, 324, 321, 313, 319, 314],7,[81, 75, 73, 78, 82, 80],0,D
1,[2, 7, 6, 11, 10, 5],28,[328, 325, 329, 331, 326, 333],0,D
7,[83, 81, 84, 79, 73, 82],31,[369, 370, 361, 371, 367, 368],0,D
21,[247, 243, 241, 252, 246, 251],20,[239, 231, 230, 229, 238, 233],0,D
27,[324, 315, 320, 322, 317, 316],19,[222, 221, 218, 217, 225, 220],0,D
31,[364, 369, 368, 371, 367, 365],17,[200, 204, 199, 203, 197, 198],0,D
2,[14, 16, 24, 19, 20, 21],25,[297, 292, 291, 299, 295, 290],0,D
22,[257, 258, 260, 262, 255, 261],25,[293, 292, 289, 295, 300, 298],0,D
14,[168, 163, 158, 159, 164, 160],11,[123, 130, 125, 132, 124, 128],0,D
28,[332, 336, 328, 325, 329, 326],20,[231, 238, 232, 240, 229, 236],0,D
8,[95, 92, 89, 91, 85, 96],13,[156, 150, 147, 148, 145, 149],0,D
2,[22, 17, 24, 21, 18, 15],21,[246, 244, 241, 243, 242, 245],0,D
22,[259, 254, 260, 263, 258, 257],18,[213, 212, 216, 205, 211, 209],0,D
15,[173, 174, 178, 180, 169, 175],8,[85, 89, 95, 94, 86, 96],0,D
10,[112, 109, 116, 115, 117, 120],7,[80, 78, 74, 73, 76, 77],0,D
24,[277, 283, 280, 287, 281, 278],32,[384, 373, 380, 374, 377, 381],0,D
10,[109, 115, 117, 113, 116, 111],24,[284, 277, 288, 283, 280, 279],0,D
28,[328, 333, 326, 331, 325, 329],4,[42, 38, 40, 43, 47, 37],0,D
21,[243, 248, 247, 245, 252, 250],18,[211, 206, 208, 205, 215, 207],0,D
21,[247, 244, 246, 241, 250, 243],10,[113, 116, 115, 111, 109, 110],0,D
32,[376, 377, 374, 384, 373, 375],25,[298, 297, 289, 299, 294, 292],0,D
15,[170, 175, 173, 174, 171, 176],30,[354, 350, 358, 359, 356, 355],0,D
26,[310, 304, 306, 302, 308, 301],1,[11, 5, 1, 8, 6, 3],0,D
2,[20, 19, 15, 13, 22, 16],6,[66, 67, 68, 72, 62, 64],0,D
19,[228, 219, 217, 224, 227, 222],30,[354, 353, 351, 350, 356, 359],0,D
4,[42, 44, 48, 39, 45, 38],22,[257, 253, 261, 259, 262, 254],0,D
10,[116, 111, 109, 114, 119, 115],24,[284, 288, 282, 277, 283, 279],0,D
28,[329, 334, 336, 330, 326, 333],9,[106, 98, 100, 105, 97, 101],0,D
28,[334, 336, 335, 331, 327, 325],20,[240, 234, 239, 238, 231, 233],0,D
19,[220, 226, 225, 217, 227, 223],29,[342, 347, 346, 341, 337, 338],0,D
2,[17, 21, 19, 24, 14, 22],23,[271, 270, 268, 275, 269, 276],0,D
22,[254, 258, 263, 264, 260, 253],18,[209, 216, 212, 210, 206, 207],0,D
24,[288, 286, 281, 280, 277, 287],31,[361, 371, 364, 372, 370, 366],0,D
2,[23, 19, 24, 16, 20, 15],18,[213, 205, 206, 216, 214, 207],0,D
21,[251, 244, 247, 248, 250, 249],32,[377, 373, 384, 380, 383, 382],0,D
21,[244, 252, 249, 245, 241, 242],20,[232, 238, 234, 240, 236, 229],0,D
7,[79, 75, 80, 78, 81, 74],27,[318, 314, 313, 321, 324, 315],0,D
11,[127, 130, 128, 124, 125, 122],31,[372, 365, 364, 363, 362, 366],0,D
28,[334, 329, 335, 333, 330, 336],32,[376, 378, 384, 377, 381, 383],0,D
16,[183, 181, 189, 185, 191, 188],4,[46, 42, 44, 39, 41, 43],0,D
17,[198, 203, 204, 193, 200, 194],26,[310, 304, 306, 305, 311, 303],0,D
15,[179, 171, 176, 175, 180, 172],10,[113, 118, 120, 117, 110, 109],0,D
4,[39, 43, 47, 42, 37, 41],30,[354, 356, 360, 355, 350, 353],0,D
2,[23, 20, 16, 17, 24, 14],10,[118, 111, 120, 117, 115, 109],0,D
22,[256, 260, 257, 262, 254, 259],2,[19, 15, 23, 16, 21, 22],0,D
7,[81, 76, 74, 80, 84, 77],14,[166, 160, 168, 165, 164, 162],0,D
7,[78, 84, 82, 76, 73, 74],27,[313, 316, 321, 324, 319, 317],0,D
8,[93, 86, 94, 90, 91, 95],29,[339, 337, 340, 345, 344, 347],0,D
16,[190, 182, 184, 189, 183, 191],10,[111, 114, 116, 109, 118, 117],0,D
31,[371, 370, 364, 368, 366, 361],29,[344, 341, 345, 338, 342, 339],0,D
17,[195, 193, 197, 198, 204, 199],11,[131, 124, 127, 126, 129, 122],0,D
6,[65, 72, 71, 67, 66, 64],14,[167, 163, 168, 165, 160, 164],0,D
11,[130, 125, 121, 124, 127, 132],20,[239, 235, 233, 237, 229, 238],0,D
4,[42, 45, 47, 39, 38, 41],15,[180, 177, 172, 175, 169, 170],0,D
14,[168, 166, 159, 157, 162, 164],25,[292, 290, 298, 296, 293, 289],0,D
12,[135, 137, 140, 136, 134, 139],7,[82, 83, 78, 75, 77, 84],0,D
25,[290, 295, 300, 289, 298, 299],4,[43, 47, 42, 39, 46, 41],0,D
28,[325, 332, 328, 331, 327, 329],7,[73, 77, 74, 75, 84, 81],0,D
28,[326, 328, 333, 325, 329, 334],4,[44, 43, 38, 46, 42, 40],0,D
17,[204, 198, 202, 196, 201, 200],20,[238, 235, 231, 229, 239, 233],0,D
11,[123, 122, 121, 128, 127, 126],21,[244, 252, 241, 251, 247, 246],0,D
31,[363, 369, 364, 365, 371, 366],21,[251, 241, 246, 252, 244, 243],-5,L
2,[24, 14, 16, 23, 18, 17],13,[148, 156, 151, 154, 153, 146],0,D
27,[313, 323, 317, 314, 318, 316],2,[24, 20, 23, 16, 22, 18],0,D
32,[383, 384, 375, 381, 376, 382],25,[289, 294, 299, 291, 297, 298],0,D
3,[26, 29, 31, 35, 34, 25],12,[133, 141, 140, 139, 142, 136],0,D
8,[88, 89, 92, 93, 90, 85],20,[231, 234, 235, 230, 238, 240],0,D
30,[354, 353, 350, 360, 359, 358],26,[304, 305, 309, 311, 306, 302],0,D
20,[233, 238, 232, 237, 236, 239],27,[317, 316, 324, 322, 320, 319],0,D
14,[162, 166, 168, 157, 160, 165],5,[57, 59, 53, 50, 52, 54],0,D
32,[382, 378, 375, 376, 380, 373],21,[241, 252, 251, 243, 248, 242],0,D
16,[187, 183, 184, 188, 185, 192],18,[215, 206, 208, 214, 212, 211],0,D
20,[231, 230, 232, 240, 236, 234],2,[20, 23, 18, 22, 16, 14],0,D
19,[220, 225, 223, 226, 227, 218],2,[13, 17, 14, 20, 23, 21],0,D
16,[186, 185, 189, 187, 192, 184],3,[31, 32, 25, 34, 29, 33],0,D
19,[222, 228, 220, 221, 226, 219],1,[11, 4, 8, 1, 10, 3],0,D
3,[29, 28, 31, 26, 32, 30],24,[284, 278, 282, 280, 288, 285],0,D
5,[51, 59, 57, 55, 50, 58],30,[350, 359, 357, 352, 354, 358],0,D
23,[273, 271, 274, 269, 272, 270],7,[84, 82, 83, 75, 79, 81],-2,L
13,[148, 147, 155, 156, 149, 146],11,[127, 128, 123, 131, 132, 130],0,D
4,[39, 48, 42, 46, 38, 40],6,[68, 72, 69, 67, 61, 64],0,D
